id,time_casa,time_fora,data_hora_jogo,gols_casa,gols_fora,status
2026001,México,África do Sul,2026-06-11T19:00:00+00:00,,,SCHEDULED
2026002,Canadá,Ucrânia,2026-06-12T17:00:00+00:00,,,SCHEDULED
2026003,Estados Unidos,Paraguai,2026-06-13T01:00:00+00:00,,,SCHEDULED
2026004,Qatar,Suíça,2026-06-13T18:00:00+00:00,,,SCHEDULED
2026005,Brasil,Marrocos,2026-06-14T20:00:00+00:00,,,SCHEDULED
2026006,Haiti,Escócia,2026-06-15T19:00:00+00:00,,,SCHEDULED
2026007,Argentina,Argélia,2026-06-16T22:00:00+00:00,,,SCHEDULED
2026008,França,Austrália,2026-06-17T19:00:00+00:00,,,SCHEDULED
2026009,Inglaterra,Croácia,2026-06-18T20:00:00+00:00,,,SCHEDULED
2026010,Alemanha,Camarões,2026-06-19T17:00:00+00:00,,,SCHEDULED
2026011,Portugal,Gana,2026-06-20T19:00:00+00:00,,,SCHEDULED
2026012,Espanha,Coreia do Sul,2026-06-21T22:00:00+00:00,,,SCHEDULED
2026013,Uruguai,Japão,2026-06-22T18:00:00+00:00,,,SCHEDULED
2026014,Bélgica,Arábia Saudita,2026-06-22T21:00:00+00:00,,,SCHEDULED
2026015,Holanda,Equador,2026-06-23T16:00:00+00:00,,,SCHEDULED
2026016,Áustria,Nigéria,2026-06-23T19:00:00+00:00,,,SCHEDULED
2026017,México,Costa Rica,2026-06-24T22:00:00+00:00,,,SCHEDULED
2026018,Canadá,Irlanda,2026-06-25T17:00:00+00:00,,,SCHEDULED
2026019,Estados Unidos,Suécia,2026-06-25T20:00:00+00:00,,,SCHEDULED
2026020,Brasil,Dinamarca,2026-06-26T18:00:00+00:00,,,SCHEDULED
2026021,Tunísia,Irã,2026-06-26T21:00:00+00:00,,,SCHEDULED
2026022,Polônia,Jamaica,2026-06-27T15:00:00+00:00,,,SCHEDULED
2026023,Peru,Ucrânia,2026-06-27T18:00:00+00:00,,,SCHEDULED
2026024,Sérvia,Mali,2026-06-27T21:00:00+00:00,,,SCHEDULED
2026025,Suécia,Paraguai,2026-06-28T14:00:00+00:00,,,SCHEDULED
2026026,Dinamarca,Marrocos,2026-06-28T17:00:00+00:00,,,SCHEDULED
2026027,França,Gales,2026-06-28T20:00:00+00:00,,,SCHEDULED
2026028,Chile,Costa do Marfim,2026-06-29T16:00:00+00:00,,,SCHEDULED
2026029,Colômbia,Austrália,2026-06-29T19:00:00+00:00,,,SCHEDULED
2026030,Áustria,Senegal,2026-06-29T22:00:00+00:00,,,SCHEDULED
2026031,Estados Unidos,Qatar,2026-06-30T17:00:00+00:00,,,SCHEDULED
2026032,Suíça,Paraguai,2026-06-30T20:00:00+00:00,,,SCHEDULED
2026033,Brasil,Tunísia,2026-07-01T15:00:00+00:00,,,SCHEDULED
2026034,Marrocos,Irã,2026-07-01T18:00:00+00:00,,,SCHEDULED
2026035,México,Irlanda,2026-07-01T21:00:00+00:00,,,SCHEDULED
2026036,Argentina,Panamá,2026-07-02T16:00:00+00:00,,,SCHEDULED
2026037,Argélia,Turquia,2026-07-02T19:00:00+00:00,,,SCHEDULED
2026038,Inglaterra,Canadá,2026-07-02T22:00:00+00:00,,,SCHEDULED
2026039,Croácia,Ucrânia,2026-07-03T15:00:00+00:00,,,SCHEDULED
2026040,Uruguai,Romênia,2026-07-03T18:00:00+00:00,,,SCHEDULED
2026041,Japão,Nova Zelândia,2026-07-03T21:00:00+00:00,,,SCHEDULED
2026042,Espanha,Costa Rica,2026-07-04T14:00:00+00:00,,,SCHEDULED
2026043,Coreia do Sul,Gales,2026-07-04T17:00:00+00:00,,,SCHEDULED
2026044,Alemanha,Nova Zelândia,2026-07-04T20:00:00+00:00,,,SCHEDULED
2026045,Camarões,República Tcheca,2026-07-05T15:00:00+00:00,,,SCHEDULED
2026046,Bélgica,Honduras,2026-07-05T18:00:00+00:00,,,SCHEDULED
2026047,Arábia Saudita,Egito,2026-07-05T21:00:00+00:00,,,SCHEDULED
2026048,Portugal,Escócia,2026-07-06T16:00:00+00:00,,,SCHEDULED
2026049,Gana,Haiti,2026-07-06T19:00:00+00:00,,,SCHEDULED
2026050,Holanda,Turquia,2026-07-06T22:00:00+00:00,,,SCHEDULED
2026051,Equador,Angola,2026-07-07T17:00:00+00:00,,,SCHEDULED
2026052,Áustria,Hungria,2026-07-07T20:00:00+00:00,,,SCHEDULED
2026053,Nigéria,Canadá,2026-07-08T15:00:00+00:00,,,SCHEDULED
2026054,França,Colômbia,2026-07-08T18:00:00+00:00,,,SCHEDULED
2026055,Austrália,Gales,2026-07-08T21:00:00+00:00,,,SCHEDULED
2026056,Inglaterra,Ucrânia,2026-07-09T16:00:00+00:00,,,SCHEDULED
2026057,Croácia,Canadá,2026-07-09T19:00:00+00:00,,,SCHEDULED
2026058,Argentina,Turquia,2026-07-09T22:00:00+00:00,,,SCHEDULED
2026059,Argélia,Panamá,2026-07-10T15:00:00+00:00,,,SCHEDULED
2026060,Alemanha,República Tcheca,2026-07-10T18:00:00+00:00,,,SCHEDULED
2026061,Camarões,Nova Zelândia,2026-07-10T21:00:00+00:00,,,SCHEDULED
2026062,Espanha,Gales,2026-07-11T14:00:00+00:00,,,SCHEDULED
2026063,Coreia do Sul,Costa Rica,2026-07-11T17:00:00+00:00,,,SCHEDULED
2026064,Portugal,Haiti,2026-07-11T20:00:00+00:00,,,SCHEDULED
2026065,Gana,Escócia,2026-07-12T15:00:00+00:00,,,SCHEDULED
2026066,Uruguai,Nova Zelândia,2026-07-12T18:00:00+00:00,,,SCHEDULED
2026067,Japão,Romênia,2026-07-12T21:00:00+00:00,,,SCHEDULED
2026068,Bélgica,Egito,2026-07-13T16:00:00+00:00,,,SCHEDULED
2026069,Arábia Saudita,Honduras,2026-07-13T19:00:00+00:00,,,SCHEDULED
2026070,Holanda,Angola,2026-07-13T22:00:00+00:00,,,SCHEDULED
2026071,Equador,Turquia,2026-07-14T18:00:00+00:00,,,SCHEDULED
2026072,Áustria,Canadá,2026-07-14T21:00:00+00:00,,,SCHEDULED